{
  "dims": [
    1,
    0
  ],
  "doodads": [
    [
      [
        29,
        88,
        0,
        0.10472,
        0,
        0,
        0,
        0.052336,
        0,
        0.99863,
        0,
        0,
        0,
        1,
        "Metadata/Terrain/Doodads/Encampment/torch_01.ao",
        "Metadata/MiscellaneousObjects/Doodad"
      ],
      [
        22,
        13,
        0,
        0.855211,
        0,
        0,
        0,
        0.414693,
        0,
        0.909961,
        0,
        0,
        0,
        1,
        "Metadata/Terrain/Doodads/Encampment/torch_01.ao",
        "Metadata/MiscellaneousObjects/Doodad"
      ],
      [
        60,
        28,
        1,
        0.46608,
        0,
        0,
        0,
        0.669131,
        0,
        0.743145,
        0,
        0,
        1,
        -185,
        1,
        "Metadata/Critters/Crow/Crow.ao",
        "Metadata/Critters/Crow/CrowStationary"
      ],
      [
        36,
        111,
        1,
        0.46608,
        0,
        0,
        0,
        0.669131,
        0,
        0.743145,
        0,
        0,
        1,
        -183,
        1,
        "Metadata/Critters/Crow/Crow.ao",
        "Metadata/Critters/Crow/CrowStationary"
      ],
      [
        36,
        117,
        1,
        0.46608,
        0,
        0,
        0,
        0.669131,
        0,
        0.743145,
        0,
        0,
        1,
        -183,
        1,
        "Metadata/Critters/Crow/Crow.ao",
        "Metadata/Critters/Crow/CrowStationary"
      ],
      [
        36,
        114,
        -1,
        0.41372,
        0,
        0,
        0,
        0.649448,
        0,
        0.760406,
        0,
        0,
        1,
        -183,
        1,
        "Metadata/Critters/Crow/Crow.ao",
        "Metadata/Critters/Crow/CrowStationary"
      ]
    ],
    [],
    [
      [
        541,
        0.422,
        1060,
        0.66,
        0,
        0,
        166,
        0.992,
        "Metadata/Decals/burnmarks_decal.atlas",
        "BM"
      ],
      [
        273,
        0.024,
        310,
        0.744,
        0,
        0,
        166,
        0.992,
        "Metadata/Decals/burnmarks_decal.atlas",
        "BM"
      ],
      [
        808,
        0.902,
        269,
        0.858,
        0,
        0,
        166,
        0.992,
        "Metadata/Decals/burnmarks_decal.atlas",
        "BM"
      ]
    ],
    [],
    [],
    []
  ],
  "grid": [
    [
      {
        "height": 1,
        "tag": "s",
        "width": 1
      },
      {
        "anchor": "sw",
        "corners": {
          "ne": {
            "ground": null,
            "height": 0
          },
          "nw": {
            "ground": null,
            "height": 0
          },
          "se": {
            "ground": null,
            "height": 0
          },
          "sw": {
            "ground": null,
            "height": 0
          }
        },
        "edges": {
          "e": {
            "edge": null,
            "exit": 3,
            "virtual_exit": 3
          },
          "n": {
            "edge": null,
            "exit": 6,
            "virtual_exit": 6
          },
          "s": {
            "edge": "Metadata/Terrain/wildcard.et",
            "exit": 1,
            "virtual_exit": 6
          },
          "w": {
            "edge": null,
            "exit": 3,
            "virtual_exit": 3
          }
        },
        "height": 1,
        "tag": null,
        "width": 2
      },
      {
        "height": 1,
        "tag": "n",
        "width": 1
      },
      {
        "height": 1,
        "tag": "s",
        "width": 1
      }
    ],
    [
      {
        "height": 1,
        "tag": "s",
        "width": 1
      },
      {
        "fill": "forcedblank",
        "height": 1,
        "tag": "f",
        "width": 1
      },
      {
        "anchor": "sw",
        "corners": {
          "ne": {
            "ground": null,
            "height": 0
          },
          "nw": {
            "ground": null,
            "height": 0
          },
          "se": {
            "ground": null,
            "height": 0
          },
          "sw": {
            "ground": null,
            "height": 0
          }
        },
        "edges": {
          "e": {
            "edge": "Metadata/Terrain/wildcard_double.et",
            "exit": 1,
            "virtual_exit": 4
          },
          "n": {
            "edge": null,
            "exit": 3,
            "virtual_exit": 3
          },
          "s": {
            "edge": null,
            "exit": 3,
            "virtual_exit": 3
          },
          "w": {
            "edge": null,
            "exit": 6,
            "virtual_exit": 6
          }
        },
        "height": 2,
        "tag": null,
        "width": 1
      },
      {
        "height": 1,
        "tag": "s",
        "width": 1
      }
    ],
    [
      {
        "height": 1,
        "tag": "s",
        "width": 1
      },
      {
        "fill": "forcedblank",
        "height": 1,
        "tag": "f",
        "width": 1
      },
      {
        "height": 1,
        "tag": "n",
        "width": 1
      },
      {
        "height": 1,
        "tag": "s",
        "width": 1
      }
    ],
    [
      {
        "height": 1,
        "tag": "s",
        "width": 1
      },
      {
        "anchor": "sw",
        "corners": {
          "ne": {
            "ground": null,
            "height": 0
          },
          "nw": {
            "ground": null,
            "height": 0
          },
          "se": {
            "ground": null,
            "height": 0
          },
          "sw": {
            "ground": null,
            "height": 0
          }
        },
        "edges": {
          "e": {
            "edge": null,
            "exit": 3,
            "virtual_exit": 3
          },
          "n": {
            "edge": null,
            "exit": 3,
            "virtual_exit": 3
          },
          "s": {
            "edge": "Metadata/Terrain/wildcard.et",
            "exit": 0,
            "virtual_exit": 3
          },
          "w": {
            "edge": "Metadata/Terrain/wildcard.et",
            "exit": 2,
            "virtual_exit": 3
          }
        },
        "height": 1,
        "tag": null,
        "width": 1
      },
      {
        "anchor": "sw",
        "corners": {
          "ne": {
            "ground": null,
            "height": 0
          },
          "nw": {
            "ground": null,
            "height": 0
          },
          "se": {
            "ground": null,
            "height": 0
          },
          "sw": {
            "ground": null,
            "height": 0
          }
        },
        "edges": {
          "e": {
            "edge": null,
            "exit": 3,
            "virtual_exit": 3
          },
          "n": {
            "edge": null,
            "exit": 3,
            "virtual_exit": 3
          },
          "s": {
            "edge": "Metadata/Terrain/wildcard.et",
            "exit": 2,
            "virtual_exit": 3
          },
          "w": {
            "edge": "Metadata/Terrain/wildcard.et",
            "exit": 0,
            "virtual_exit": 3
          }
        },
        "height": 1,
        "tag": "barricade",
        "width": 1
      },
      {
        "height": 1,
        "tag": "s",
        "width": 1
      }
    ],
    [
      {
        "height": 1,
        "tag": "s",
        "width": 1
      },
      {
        "anchor": "sw",
        "corners": {
          "ne": {
            "ground": null,
            "height": 0
          },
          "nw": {
            "ground": null,
            "height": 0
          },
          "se": {
            "ground": null,
            "height": 0
          },
          "sw": {
            "ground": null,
            "height": 0
          }
        },
        "edges": {
          "e": {
            "edge": "Metadata/Terrain/wildcard.et",
            "exit": 1,